ID,Question,A,B,C,D,Answer,Subject
0,"求 Q 上给定域扩张 Q(sqrt(2), sqrt(3), sqrt(18)) 的次数。",0,4,2,6,B,abstract_algebra
30,陈述 1 | 若 H 是群 G 的子群，且 a 属于 G，则 aH = Ha。陈述 2 | 若 H 是群 G 的正规子群，且 a 属于 G，则对于 H 中的所有 h，ah = ha。,真，真,假，假,真，假,假，真,B,abstract_algebra
36,计算给定环中的乘积。Z_26 中：(20)(-8),0,1,11,22,D,abstract_algebra
41,求环 Z_3 x 3Z 的特征。,0,3,12,30,A,abstract_algebra
64,从 Z 到 Z_2 有多少同态？,1,2,无穷多,0,B,abstract_algebra
68,Z_5[x] 中：多项式 x^4 + 4 可以分解成线性因子。求此因子分解。,(x − 2)(x + 2)(x − 1)(x + 1),(x+1)^4,(x-1)(x+1)^3,(x-1)^3(x+1),A,abstract_algebra
69,陈述 1 | 存在一个任意正整数秩的自由阿贝尔群。陈述 2 | 一个有限生成的阿贝尔群，若其贝蒂数等于某个生成集中的元素个数，则其是自由阿贝尔群。,真，真,假，假,真，假,假，真,A,abstract_algebra
74,陈述 1 | 若 a 和 b 是群的元素，且 a 不等于 b，则 a^2 不等于 b^2。陈述 2 | 二面体群上的旋转集合构成一个循环子群。,真，真,假，假,真，假,假，真,D,abstract_algebra
10,您发现患者的颌下淋巴结肿大。您认为可能存在感染的部位是,硬腭。,硬腭和上唇。,硬腭、上唇和上中切牙。,硬腭、上唇、上中切牙和下第一磨牙。,D,anatomy
50,活体患者可触及下列哪些骨性结构？,眶上孔,眶下孔,颏孔,以上均正确,D,anatomy
60,下列哪项是具有胰岛素分泌功能的消化系统附属器官？,肾上腺,胆囊,肝,胰腺,D,anatomy
72,在脊髓中，运动神经元细胞体位于,第 I 层。,第 II 层。,第 V 层。,第 IX 层,D,anatomy
77,患者在外卖店站着吃饭时，一颗严重龋齿的牙冠突然断裂，患者误吸入该牙冠碎片。该碎片更可能进入,右肺，因为右主支气管比左主支气管直径更大并且更加竖直。,左肺，因为左主支气管比右主支气管直径更大并且更加竖直。,右肺或者左肺，因为两侧的主支气管直径相当、角度相同。,右肺或者左肺，因为没有能够促使碎片向某一特定方向移动的因素。,A,anatomy
30,为什么内行星比外行星由更致密的材料组成？,一开始，当原行星盘旋转得更快时，离心力将较轻的物质抛向太阳星云的外部。,在星云的内部，由于高温，只有金属和岩石能够凝结，而氢化合物虽然更丰富，但只能在较冷的外部区域凝结。,密度更大的物质更重，沉入星云的中心。,当太阳星云形成一个圆盘时，物质自然地分离成条带，在我们特定的太阳系中，密度较大的物质沉降在靠近太阳的地方，而较轻的物质则出现在外部。,B,astronomy
54,以下哪一项（或多项）不是由轨道共振引起的？,海王星与冥王星的周期比为 2:3,柯克伍德空隙。,土星环上的缝隙。,木星的小卫星破裂形成环形物质。,D,astronomy
63,以下哪一项最有可能解释为什么金星没有强磁场？,它的旋转速度太慢。,它的大气层太厚。,它的体积太大。,它没有金属芯。,A,astronomy
87,随着恒星生命的发展，会产生重元素。这些元素在恒星周围按以下顺序形成层（从外层开始）：,H → He → Li → N → O → Si → Fe,H → He → C → O → Ne → Si → Fe,H → He → Li → O → Ne → Si → Fe,H → He → C → N → O → Si → Fe,B,astronomy
90,火星的大气压力为 600 帕斯卡。如果火星上的重力加速度（大约）是 4 米/平米秒，火星的表面积约为 145000000 平方公里，那么火星大气的近似质量是多少？,2.2x1011 千克,2.2x1014 千克,2.2x1020 千克,2.2x1016 千克,D,astronomy
5,随着冲刺次数的增加：,厌氧贡献逐渐增加。,肌肉的 pH 值降到 6.0 以下。,血糖浓度低于 3 mmol/L。,有氧代谢的相对贡献增加。,D,clinical_knowledge
63,对于系统性硬化症，下列哪项是正确的？,它对男性的影响大于女性,若看到毛细血管扩张，可确定此诊断,蛛形肢是此病的一个特征,病人的鼻子呈鹰嘴状，皮肤呈蜡质,D,clinical_knowledge
122,以下哪一种药物可用于增强胃动力？,肾上腺素。,奥昔布宁。,红霉素。,卡马西平。,C,clinical_knowledge
126,我们的遗传物质是由什么组成？,脱氧核糖核酸。,核糖核酸。,二硝基核酸。,蛋白质。,A,clinical_knowledge
136,关于手臂反射的评估，下列哪项是正确的？,肱二头肌反射的根值是 C5、C6,若轻拍肌腱时没有反射，则记录为缺失,肱三头肌腱在肘前窝受到撞击,手指剧烈抽搐证实下运动神经元损伤,A,clinical_knowledge
137,下面哪一种最有可能导致气管偏离？,左基底性肺炎,少量右侧胸腔积液,右上肺叶以前有结核,特发性纤维化肺泡炎,C,clinical_knowledge
211,在什么情况下你不会使用导管瓣膜？,患者是术后的。,是患者的选择。,患者有膀胱感觉。,不需要测量尿液。,A,clinical_knowledge
53,小鼠精子含有能够结合小鼠卵子透明带糖蛋白（ZP3）的受体蛋白。ZP3 受体与 ZP3 的结合触发精子的顶体反应。以下所有实验观察结果都是预期的，除了：,向卵子注射能够结合 ZP3 的抗体会阻止体外受精。,在将精子与卵子混合之前，将精子与纯化的 ZP3 一起孵育会阻止体外受精。,将卵子与能够结合 ZP3 的抗体一起孵育会阻止体外受精。,用另一种糖蛋白 ZP2 包被合成珠子未能导致精子在珠子上的聚集。,A,college_biology
70,具有ε重链并位于肥大细胞和嗜碱性白细胞的质膜上的免疫球蛋白属于哪类抗体,IgE,IgA,IgD,IgM,A,college_biology
106,以下关于胚胎卵裂的陈述哪项是不正确的？,卵黄的存在会抑制卵裂。,端黄卵进行部分卵裂。,植物极比动物极更容易发生卵裂,卵裂的快速有丝分裂直接产生卵裂球。,C,college_biology
137,下列哪一活性碳池在地球上最大并且对碳循环的贡献最大？,大气,雨林植被,可开采的化石燃料,海洋,D,college_biology
18,下列哪项陈述是正确的？,质子和中子有轨道角动量和自旋角动量。,质子有轨道角动量和自旋角动量，中子有自旋角动量。,质子和中子只有轨道角动量。,质子和中子只有自旋角动量。,C,college_chemistry
74,所有蛋白质都吸收波长约 190 nm 的电磁辐射，这对应于蛋白质分子中的π → π*激发。这种波长位于光谱的哪个区域？,X 射线,紫外线,可见光,红外线,B,college_chemistry
96,下列离子中，哪个离子的半径最小？,K+,Ca2+,Sc3+,Rb+,C,college_chemistry
25,"“神奇内存”有两项操作：读取和清空。这两项操作不可分割且相互排斥。“清空”会将神奇内存归零。“读取”返回的值则表示最近一次“清空”操作之后执行的“读取”操作的次数。那么，关于“神奇内存”，以下哪一项（或哪几项）陈述是正确的？
I. 神奇内存可提供原子“检查并设置”功能。
II. 神奇内存可用于协调在共享内存多处理器上运行的进程。
III. 神奇内存只能在多处理器上发挥作用。",只有 I,只有 II,只有 III,I 和 II,D,college_computer_science
68,两个单用户工作站连接到同一个局域网。在其中一个工作站上，通过网络从文件服务器上访问文件页面；每个页面的平均访问时间为 0.1 秒。在另一个工作站上，从本地磁盘访问文件页面，每个页面的平均访问时间为 0.05 秒。某次编译需要运行 30 秒钟的计算并访问 200 次文件页面。如果假定计算与文件访问不重叠，那么，在无磁盘（文件服务器）工作站上运行该编译所需的总时长与在有本地磁盘的工作站上运行该编译所需的总时长之比是多少？,1-Jan,4-May,3-May,5-Oct,B,college_computer_science
90,"数组 A 包含 256 个元素，每个元素有 4 个字节。第一个元素存储在物理地址 4,096 之处。
数组 B 包含 512 个元素，每个元素有 4 个字节。第一个元素存储在物理地址 8,192 之处。
假设只有数组 A 和数组 B 可以缓存在一个初始为空、物理编址、物理标记且直接映射的 2K 字节缓存中，且该缓存区的块大小为 8 字节。然后执行以下循环。
for (i = 0; i < 256; i++)
    A[i] = A[i] + B[2*i];
那么，在执行循环期间，如果缓存采用直写策略，将有多少字节被写入内存？",0,256,1024,2048,C,college_computer_science
37,设 V 是所有 2 x 3 实数矩阵的实向量空间，设 W 是所有实 4 x 1 列向量的实向量空间。若 T 是从 V 到 W 的线性变换，T 子空间核的维数是多少？,2,3,4,5,A,college_mathematics
91,"若 f : (0, 1) → (0, 1]，则以下哪项为真？
I. f 是一对一、映上函数。
II. f 的像是紧集。
III. f 是连续、一对一、映上函数。",仅 I,仅 II,仅 I 和 II,仅 I 和 III,C,college_mathematics
5,脂肪酸在输送到线粒体时与下列哪种物质结合：,硫激酶。,辅酶 A (CoA),乙酰辅酶 A (acetyl-CoA),肉碱。,D,college_medicine
33,细胞的能量电荷是：,细胞内部和外部的电荷差。,由钠钾 ATP 酶产生。,细胞使用能量的总速率。,总腺嘌呤核苷酸库被磷酸化的程度。,D,college_medicine
153,如何能从同一个基因产生多种不同的蛋白质？,通过选择性转录基因中不同部分的 DNA。,通过使初级转录物产生的 mRNA 分子的长度变成两倍或三倍。,许多基因的初级转录物可以以不同的方式剪接以产生不同的 mRNAs，这一过程称为选择性 RNA 剪接。,通过初级转录物形成 mRNA 分子后，mRNA 分子的剪接。,C,college_medicine
159,无氧代谢指的是 ATP 的生成：,不涉及 ADP。,不使用糖原。,不使用氧气。,无氧气可用。,C,college_medicine
166,高能磷酸盐、ATP 和磷酸肌酸的分解释放的能量可以维持最大强度运动约多久：,1-2 秒。,5-10 秒。,30-40 秒。,50-60 秒。,B,college_medicine
18,一根米尺以 0.8c 的速度从观察者身边经过。在观察者的参考系中，米尺经过观察者需要多长时间？,1.6 纳秒,2.5 纳秒,4.2 纳秒,6.9 纳秒,B,college_physics
26,一位天文学家观察一颗绕行星运行的非常小的卫星，并测量了卫星与行星中心的最小和最大距离以及卫星的最大轨道速度。下列哪项不能根据这些测量结果计算出来？,月球质量,行星质量,月球最小速度,轨道周期,A,college_physics
41,光路长度为 10 厘米的气室放置在迈克尔逊干涉仪的一个臂中。如果干涉仪的光源是波长为 632.2 纳米的激光，则在抽空气室时会计数 100 个条纹。原始气体的折射率是多少？,1.00063,1.00032,1.00016,0.99968,B,college_physics
54,在理想条件下，超导体内部的电场和磁场为零。麦克斯韦方程组意味着，下列哪项在超导体表面外必定成立？,B = 0,B 垂直于表面。,B 与表面相切。,B 与时间无关。,C,college_physics
10,两个分离的带电粒子由静止释放后加速度都会立即增加。那么，这两个粒子的电荷符号,相同,相反,两者其一,需要更多信息,B,conceptual_physics
16,当你看着玫瑰的红色花瓣时，你看到的色光是,红色。,绿色。,白色光中减去红色。,绿色和黄色的混合色。,A,conceptual_physics
21,温度通常与物质的什么成正比,热能。,振动动能。,平均平动动能。,转动动能。,C,conceptual_physics
27,如果一个正在运动中的物体其质量上所有向量力之和为零，那么这个物体将,沿直线以恒定速度运动,沿直线以恒定加速度运动,静止不动,增加其惯性量,A,conceptual_physics
89,以下哪一项会发生干涉现象,声波,光波,两者都是,两者都不是,C,conceptual_physics
93,地球生物圈中的辐射大部分是,天然背景辐射,军事活动的结果,来自核电站,宇宙射线的形式,A,conceptual_physics
101,如果一个灯泡灯丝中的电流为 3 A，则连接线中的电流为,小于 3 A,3 A,大于 3 A,信息不足，无法判断,B,conceptual_physics
107,如果一个铁原子核一分为二，那么对于它的裂变碎片,每原子核的质量会减少,每原子核的质量会增加,每原子核的质量不变,每原子核的质量会增加或减少,B,conceptual_physics
137,有两个向量，一个是 3 N，另一个是 4 N，其合力和可能是,0 N,5 N,8 N,这些皆可,B,conceptual_physics
140,在裂变和聚变过程中，能量被释放，而质量会,减少,保持不变；守恒,增加,可能减少，也可能增加,A,conceptual_physics
145,电流计可以通过校准来读取,电流,电压,两者其一,两者都不是,C,conceptual_physics
155,桌子上有一本数学书和一本物理书被一根绳子捆绑在一起。拉紧绳子后，其中一本书从桌子边缘掉落。落下的过程中，另一本书被水平地拖过桌面。如果不计摩擦力，书本的加速度是,零,g/2,g,介于 0 和 g 之间,D,conceptual_physics
171,一个电中性的铁原子的原子核内有 26 个质子。该铁原子的电子数为,52,26,24,无。,B,conceptual_physics
209,一根弦拨动时会产生四个环（腹点）。弦的长度为 12.00 m，则波的波长必须是,48.0 m,24.0 m,6.00 m,3.00 m,C,conceptual_physics
232,水在什么条件下会沸腾和冻结,温度降低,大气压力降低,温度升高,大气压力升高,B,conceptual_physics
4,关于回归总体和样本，下列哪个陈述是错误的？,总体是所有关注项目的总集合,总体可以是无限大,理论上，样本可以大于总体,随机样本是指从总体中抽取每个单独项目的可能性相等的样本。,C,econometrics
5,对于时间序列中线性相关的 Box-Pierce Q 和 Ljung-Box Q* 统计量的比较，下列哪个陈述是不正确的？,渐近地，两个检验统计量的值相等,Q 检验比 Q* 具有更好的小样本性质,对于小样本，Q 检验有时会过大,当样本量趋于无穷大时，两个检验都将显示出总是拒绝零自相关系数的零假设的趋势。,B,econometrics
12,关于计量经济学中的预测，下列哪个陈述是正确的？,只能对时间序列数据进行预测,错误指定的模型肯定会产生不准确的预测,结构预测比时间序列模型更容易产生,样本内预测能力是模型充分性的不良检验,D,econometrics
18,$\hat{u}^t \hat{u} 的维数是多少？,T x k,T x 1,k x 1,1 x 1,D,econometrics
53,建立多元 GARCH 模型的对角 VECH 方法被 BEKK 公式所克服的最重要的缺点是什么？,对角 VECH 模型很难直观地解释,对角 VECH 模型包含太多参数,对角 VECH 模型不能保证方差-协方差矩阵是正定的,BEKK 模型减少多个序列一起建模时出现的维数问题。,C,econometrics
63,下列哪一项是估计面板模型的固定效应方法的缺点？,此模型估计起来可能是技术性的,若复合误差项与一个或多个解释变量相关，则该方法可能无效,要估计的参数数量可能很大，导致自由度的损失,固定效应方法只能捕获横断面异质性，而不能捕获因变量的时间变异。,C,econometrics
76,"若两个变量 $x_t$ 和 $y_t$ 是协整的，则以下哪些陈述是正确的？

i) $x_t$ 和 $y_t$ 一定都是平稳的


ii) 仅 $x_t$ 和 $y_t$ 的一个线性组合是平稳的


iii) $x_t$ 和 $y_t$ 的协整方程描述两个系列之间的短期关系




iv) $y_t$ 对 $x_t$ 的回归残差必须是平稳的",仅 (ii) 和 (iv),仅 (i) 和 (iii),仅 (i)、(ii) 和 (iii),(i)、(ii)、(iii) 和 (iv),A,econometrics
108,关于替代的预测准确度测量，下列哪一个陈述是正确的？,均方误差通常与交易规则盈利能力高度相关,平均绝对误差提供二次损失函数,平均绝对百分比误差是评估资产收益预测的有用度量,较之小预测误差，均方误差更能不成比例地惩罚大预测误差,D,econometrics
41,下列哪一种存储器使用一个晶体管和一个电容器作为基本存储器单元,SRAM,DRAM,SRAM 和 DRAM,都不是,B,electrical_engineering
123,负实轴上交替排列极点和零点，则网络类型是,LC 网络。,RC 网络。,RL 网络。,2 和 3。,D,electrical_engineering
0,当 24 = 2p 时，p 的值是多少？,p = 4,p = 8,p = 12,p = 24,C,elementary_mathematics
7,求 2.16 ÷ 0.06 的商。,3.6,36,0.01272,12.72,B,elementary_mathematics
75,昨天，Micah 吃了偶数个草莓。他还吃了奇数个苹果。哪一组可以代表 Micah 昨天吃的草莓 S 和苹果 A ？,SSSSS；AAA,SSSSS；AAAA,SSSSSSSS；AAAA,SSSSSSSS；A,D,elementary_mathematics
91,动物园里有 15 只巨嘴鸟和 60 只鹦鹉。动物园里巨嘴鸟的数量和鹦鹉的数量之比是多少？,1:04,1:05,4:01,4:05,A,elementary_mathematics
114,Jerry 在 10 小时内读完了一本 200 页的书。按照这个速度，他要花多长时间能读完一本 320 页的书？,16 个小时,18 个小时,24 小时,32 小时,A,elementary_mathematics
142,如果 x − 3 = 6，那么 x 的值是多少？,2,3,6,9,D,elementary_mathematics
145,一个形状是由 12 个大小相等的直角三角形组成的。每个直角三角形的底是 4 厘米，高是 5 厘米。这个形状的总面积是多少（单位是平方厘米）？,10,60,120,240,C,elementary_mathematics
180,一个面包师做了 232 个松饼。他把 190 个松饼送到了当地的一家酒店。他会把剩下的松饼放在盒子里。每个盒子可以装 6 个松饼。哪个方程可以用来求面包师需要的盒子数 b？,(232 - 190)/6=b,(232 + 190)x6=b,(232 - 190)x6=b,(232 + 190)/6=b,A,elementary_mathematics
260,Lily 要把袋子里所有的糖果都送人。她可以把相同数量的糖果分给 5、3 或 2 个人。Lily 的袋子里可能有几块糖？,12,20,30,45,C,elementary_mathematics
93,找出以下条件命题的前件：当大学提高学费时，要么是州长赞成的，要么是董事会建议的。,大学提高学费。,州长赞成。,董事会阻止。,董事会没有阻止。,A,formal_logic
113,找出以下论证的结论。从历史的角度来看，遗传学是一门年轻的学科。控制遗传特征的原理在不到 150 年前就已有说明。此外，大约在二十世纪之交，人们再次发现了遗传规律，但即便在那时，DNA 的重要性也未被人真正所了解，直至到 20 世纪 50 年代。,但即便在那时，DNA 的重要性也未被人真正所了解，直至到 20 世纪 50 年代。,DNA 的重要性也未被人真正所了解，直至到 20 世纪 50 年代。,从历史的角度来看，遗传学是一门年轻的学科。,控制遗传特征的原理在不到 150 年前就已有说明。,C,formal_logic
68,对 DNA 样本进行聚合酶链反应 (PCR) 时，需要以下哪项？,反转录酶,真空室,与 DNA 某些部分互补的引物,DNA 连接酶,C,high_school_biology
83,在一个细胞内，基于给定 mRNA 分子合成的蛋白质量部分取决于以下哪项？,DNA 甲基化抑制了基因的表达。,转录因子介导结合 RNA 聚合酶和启动转录，这将生成的蛋白质量。,mRNA 降解速度将决定蛋白质合成量。,蛋白质合成量仅取决于一个细胞中核糖体的位置和数量。,C,high_school_biology
128,关于首次在生态演替的栖息地栖息的生物，以下哪项是正确的？,其是该地区最凶猛的竞争者。,其将栖息地保持原样。,其改变栖息地，使该栖息地更适合其他生物。,其是小型无脊椎动物。,C,high_school_biology
190,袋鼠浓缩尿液的能量比人类更强。基于此，可以预期，与人类肾脏的肾单位相比，袋鼠肾脏的肾单位将具有以下哪种特征,壁较厚，不透水,髓袢更短,髓袢更长,集合管更短,C,high_school_biology
301,具有亲缘关系的物种串联来回进化，捕食者-猎物关系是以下哪种的示例。,趋异进化,趋同进化,平行进化,协同进化,D,high_school_biology
13,Br2(g) 与 Cl2(g) 反应生成 BrCl(g)，在某一温度下其平衡常数为 15.0。如果在一个 15.0 升的反应容器中初始存在 10.0 克 BrCl，那么在平衡时 BrCl 的浓度是多少？,3.8 × 10^-3 mol/L,5.77 × 10^-3 mol/L,1.97 × 10^-3 M,9.9 × 10^-4 M,A,high_school_chemistry
21,在一个同位素制备后的三个半衰期后，,25% 的同位素剩余,25% 的同位素衰变,12.5% 的同位素剩余,12.5% 的同位素衰变,C,high_school_chemistry
81,以下哪个过程是不可逆反应？,CH4(g) + O2(g) → CO2(g) + H2O(l),HCN(aq) + H2O(l) → CN-(aq) + H3O+(aq),Al(NO3)3(s) → Al3+(aq) + 3NO3-(aq),2Ag+(aq) + Ti(s) → 2Ag(s) + Ti2+(aq),A,high_school_chemistry
121,将 50.0 mL 0.0025 M HBr 与 50.0 mL 0.0023 M KOH 混合。所得混合物的 pH 值是多少？,1,4,5,11,B,high_school_chemistry
124,以下哪一项不是相对分子间吸引力的良好度量？,熔化热,沸点,蒸汽压,汽化热,A,high_school_chemistry
142,亚硫酸 H2SO3 溶液存在于水溶液中。下列哪一项代表溶液中三种不同离子的浓度？,[SO32-] > [HSO3-] > [H2SO3],[H2SO3] > [HSO3-] > [SO32-],[H2SO3] > [HSO3-] = [SO32-],[SO32-] = [HSO3-] > [H2SO3],B,high_school_chemistry
3,数字图像通常由图像中每个像素的红、绿、蓝值（RGB 三元组）表示。摄影师正在处理数字图像并覆盖原始图像。以下哪项描述了数字图像的无损转换？,以可能丢失信息但图像质量只会受到轻微损失的方式压缩图像。,通过平均每个像素中的红色、绿色和蓝色量并将此新值分配给新图像中的相应像素来创建图像的灰度。每个像素的新值代表灰色的阴影，范围从白色到黑色。,通过为每个像素创建新的 RGB 三元组来创建图像的负片，其中每个值都是通过从 255 中减去原始值来计算的。图像的负片与原始图像相反；亮区显示为暗色，颜色反转。,通过获取图片一部分的像素并将其复制到图片另一部分的像素来修改图像的一部分。,C,high_school_computer_science
32,"程序员编写了以下代码段来显示名为数字的列表中所有元素的平均值。列表中始终至少有一个数字。
 第 1 行：count ← 0
 第 2 行：sum ← 0
 第 3 行：FOR EACH value IN numbers
 第 4 行：{
 第 5 行：count ← count + 1
 第 6 行：sum ← sum + value
 第 7 行：average ← sum / count
 第 8 行：}
 第 9 行：DISPLAY (average)

 程序员希望减少程序运行时执行的操作数。哪种更改会导致执行的操作数减少的正确程序？",交换第 1 行和第 2 行,交换第 5 行和第 6 行,交换第 6 行和第 7 行,交换第 7 行和第 8 行,D,high_school_computer_science
35,"本问题涉及以下信息。
以下节选自 1651 年的《航海法案》。
从 1651 年 12 月 1 日起，在亚洲、非洲或美洲或其任何部分、或属于它们的任何岛屿、或在这些地方的通常地图或卡片上描述或标明的任何岛屿、以及英国种植园和其他种植园的生长、生产或制造的任何货物或商品，都只能通过真正而不欺诈地只属于本联邦人民或其种植园的所有者或权利所有者的、且船长和水手也属于本联邦人民的任何船只、船舶或舰船，被进口或带入英格兰联邦、或爱尔兰，或属于或占有的任何其他土地、岛屿、种植园或联邦领土；对违反本法规定的进口货物处以没收和损失的处罚……
自 1651 年 12 月 1 日起，在欧洲或其任何部分生长、生产或制造的任何货物或商品，都只能通过真正而不欺诈地只属于本联邦人民的任何船只、船舶或舰船被进口或带入英格兰联邦或属于或占有的任何其他土地或领地，但真正和适当地属于该货物生长、生产或制造的那个国家或地方人民的外国船舶除外。
以下哪项是 1651 年英国尾闾议会所期望的上述立法的结果？",为了防止英国殖民地受到欧洲大陆竞争对手制造的廉价商品的轰炸,从葡萄牙手中夺回奴隶贸易的统治权，以满足英国加勒比殖民地甘蔗种植园对奴隶日益增长的需求,通过限制荷兰人在英国和殖民地之间运输货物以及从其他国家进出英国的货物的能力，结束荷兰人对海上贸易的统治,把法国人从大西洋海上贸易以及当时由法国人主导的鳕鱼业和捕鲸业中解放出来,C,high_school_european_history
64,"本问题涉及以下信息。
请读下面这封信。
发生了一件事…… 一个西班牙人看到了一个印第安人…… 吃一块从被杀的印第安人身上取下来的肉…… 我把犯人烧死了，并解释说，原因是他杀了那个印第安人，吃了他，这是陛下和我以你的名义所禁止的。我进一步让酋长明白，所有的人…… 必须戒掉这个习俗…… 我来…… 保护他们的生命和财产，并教导他们，他们只崇拜一个上帝[，]…… 他们必须离开他们的偶像和他们一直奉行的仪式，因为这些都是魔鬼编造的谎言…… 和欺骗…… 同样，我也来教导他们，陛下根据上帝的旨意统治着宇宙，他们也必须服从帝国的枷锁，并按照我们陛下的大臣所吩咐的去做。
——赫南·科尔特斯，给神圣罗马帝国皇帝查理五世的第五封信，1521 年
以下哪项探索动机在上述文件中最为明显？",重商主义的兴起使国家在促进商业发展和获得海外殖民地方面发挥了新的作用。,欧洲国家寻求直接获得黄金、香料和奢侈品，以此作为增加个人财富和国家权力的手段。,每个船长都追求巨大的荣耀和财富。,当政府和宗教当局寻求传播信仰和对抗伊斯兰教时，基督教刺激了人们的探索，并为在物质和文化上征服土著文明提供了理由。,D,high_school_european_history
115,"本问题涉及以下信息。
阅读下面的政府报告。
在居民无法救助的 450 名病人中，有 200 人被赶了出来，我们看到他们一个接一个地躺在路边死去。还有很多人留下来，他们每个人只能得到最少量的面包。我们只把面包给那些否则会死的人。这里的主食是老鼠，这里的居民猎杀老鼠，因为他们饿得要命。他们吃动物不能吃的根；事实上，一个人无法用语言表达他所看到的景象…… 这种叙述非但没有夸大其词，反而低估了这件事的恐怖程度，因为它没有记录到这个地区的百分之一的苦难。没有亲眼目睹过的人无法想象它有多严重。在这两个省，每天至少有 200 人死于饥荒。我们亲眼看到过成群的人，不是牛，而是男人和女人，在兰斯和雷姆斯特尔之间的田野里游荡，像猪一样翻土寻找几根树根；由于他们只能找到腐烂的树根，而且还不到一半，他们变得如此虚弱，以至于没有力气去寻找食物。在博尔特的教区牧师告诉我们，他埋葬了三个死于饥饿的教区居民，我们附上了他的信。其余的人靠切碎的稻草和泥土混在一起生活，他们把它们做成了一种不能被称为面包的食物。同一地方的其他人以病死的动物的尸体为食，而牧师因为无法帮助他的人民，就允许他们在长老会的火上烤这些肉。
——《诺曼底领地报告》，1651 年
下列哪项是导致十七世纪法国人面临的健康和饥饿问题的最不重要的因素？",低生产率的农业做法,恶劣天气,对农民和中产阶级的税收很低,糟糕的运输,C,high_school_european_history
161,"本问题涉及以下信息。
第一条：德国、奥匈帝国、保加利亚和土耳其为一方，俄国为另一方，宣布它们之间的战争状态已经停止。各国决心从今以后彼此和睦相处。……
第三条：缔约双方商定的边界线以西以前属于俄国的领土，将不再服从俄国的主权；在作为本和平条约重要组成部分提交的地图上标出议定的界线。这条线的确切定位将由一个俄德委员会确定。
《布列斯特—立托夫斯克和约》，1918 年 3 月 14 日
《布列斯特—立托夫斯克和约》最能被描述为________的结果",布尔什维克需要结束俄国战争以巩固他们的革命成果,布尔什维克领导人的腐败以及与俄罗斯商业利益集团的勾结,三国协约的解体,法国和英国向反对布尔什维克政府的所谓白俄提供援助,A,high_school_european_history
15,以下哪种宗教最先发展起来？,佛教,基督教,伊斯兰教,印度教,D,high_school_geography
29,哪种经济活动与物理环境的关系最为密切？,第一产业,第二产业,第三产业,第四产业,A,high_school_geography
72,印度教的圣书被称为,塔木德经。,圣经。,托拉。,吠陀经。,D,high_school_geography
128,以下哪项不是核心-外围发展模式中的扩散效应？,核心区拥堵,核心区劳动力成本高,核心区密度高,核心区有更多基础设施,D,high_school_geography
153,新马尔萨斯主义的影响体现在,政府的计划生育。,饥荒救济。,增加社会福利计划的支出。,提高总和生育率。,A,high_school_geography
180,以下哪个行业不需要靠近市场？,乳制品,体积增大型产品,单一市场产品,体积减小型产品,D,high_school_geography
183,高速公路的建设会导致除以下哪一项外的所有结果？,城市无序扩张,交通流量增加,交通拥堵,减少对汽车的依赖,D,high_school_geography
29,紧缩性货币政策意味着折现率、名义利率和总需求分别出现以下哪项变化？折现率      名义利率      总需求,降低           上升      降低,上升           上升      降低,降低           降低      降低,上升           上升      上升,B,high_school_macroeconomics
109,以下哪种货币政策会降低扩张性财政政策的效果？,降低本国货币的价值。,降低所得税率。,向商业银行出售国库券。,降低贴现率。,C,high_school_macroeconomics
158,如果美国联邦储备委员会 (FED) 在二级市场购买债券，那么,货币供应量就会增加。,货币供应量就会减少。,货币供应不会受到影响。,贴现率会受到影响。,A,high_school_macroeconomics
209,根据货币主义分析，货币供应量的减少会,使经济中的价格水平和产出提高。,使经济中的价格水平和产出降低。,使经济中的价格水平提高。,使经济中的价格水平降低。,B,high_school_macroeconomics
248,如果生活水平提高，我们可以得出结论的是,产出肯定增加了。,人口肯定增加了。,产出和人口肯定增加了。,产出的增长比例一定高于人口的增长比例。,D,high_school_macroeconomics
258,“供给学派”经济学家会不同意以下哪个说法？,税收变化会导致总供给的变化，而总供给的变化会抵消总需求的变化，从而降低税收变化对实际 GDP 的影响。,减税可能会促进储蓄投资，资本得到积累，从而使总供给增加。,增税可能会降低税后工资，抑制工作积极性，从而使总供给减少。,减税有可能会为承担风险提供更多回报，从而使总供给增加。,A,high_school_macroeconomics
263,货币主义的一个重要假设是,边际消费倾向是恒定不变的。,货币供应是连续的。,汇率是固定的。,货币流通速度是稳定的。,D,high_school_macroeconomics
304,哪项交易不会计入 GDP？,非法入境的盗版 DVD,医生的服务,退休人员的社会保障福利,A 和 C,D,high_school_macroeconomics
348,以下哪项可能会使一个国家的经济增长减缓？,为大学生提供低息担保贷款,取消储蓄所得税,取消投资税收抵免,为医学院提供更多研究经费,C,high_school_macroeconomics
353,GDP 是衡量一个国家的 I. 生产水平。稳定性。III. 收入水平。,仅 I。,仅 II。,仅 III。,I 和 III。,D,high_school_macroeconomics
361,以下哪项会带来经济增长？,失业率降低。,失业率上升。,劳动力人口增加。,人口减少。,C,high_school_macroeconomics
32,具有 16、15、12 因数的最小正整数是多少？,12,22,840,240,D,high_school_mathematics
42,一群人把数字 12345.6789 写在一张纸上。然后这群人决定玩个游戏。谁能把给定数字四舍五入并得到一个比其他任何人都高的数字，谁就是游戏的赢家。Alice 把数字四舍五入到最接近的一万，Bob 四舍五入到最接近的千，Carol 四舍五入到最接近的百，Devon 四舍五入到最接近的十，Eugene 四舍五入到最接近的整数。另外，Felicity 把数字四舍五入到最接近的十分位数，Gerald 把数字四舍五入到最接近的百分位数，Harry 把数字四舍五入到最接近的千分位数，Irene 把数字四舍五入到最接近的万分位数。谁赢了这场游戏？,Alice,Devon,Bob,Gerald,B,high_school_mathematics
52,分子为 2、3、4 或 6，分母为 2、3、4 或 6 的分数可以产生多少唯一的数字？,1,9,2,10,B,high_school_mathematics
55,设 f(x)=\frac{(x-2)^2-9}{3}。将方程 y=f(x) 画成图形，并将图形的 x 和 y 截距连接起来形成一个多边形。此多边形的面积是多少？,5,\frac{25}{6},\frac{\sqrt{2465}{9},2,A,high_school_mathematics
82,求 25^1059 除以 23 的余数。,11,13,8,5,C,high_school_mathematics
108,若 f(2x) = x + 5 且 f(g(6)) = 13，则 2 * g(6) =,6,16,32,36,C,high_school_mathematics
126,学校校长必须让三位不同的教师在毕业典礼上发言——一位负责开幕致辞，一位负责唱名，一位负责结束致辞。教职工有 85 位教师。校长可以有多少种可能的演讲阵容？,"592,620","592,704","614,125","614,126",A,high_school_mathematics
129,$12$ 是多少个正整数、负整数的倍数？,3,12,4,6,B,high_school_mathematics
134,一件大衣的标价是 325 美元。在 11 月，大衣卖不出去，商店老板把它的价格降低了 20%。到 12 月，她又将价格下调了 10%。12 月的圣诞购物者要花多少美元买这件大衣？,227.50 美元,234.00 美元,286.00 美元,290.00 美元,B,high_school_mathematics
165,一天，一只变形虫被放在一个水坑里，同一天，它分裂成两只变形虫。第二天，每只新的变形虫分裂成两只新的变形虫，以此类推，每天每只活的变形虫分裂成两只新的变形虫。一周后，水坑里有多少只变形虫？（假设在第一只变形虫被放入水坑之前，水坑里没有变形虫。）,256,1024,64,128,D,high_school_mathematics
171,"若点 (3,6) 在 y=g(x) 的图形上，且对于所有 x，h(x)=(g(x))^2 ，则一定有一个点在 y=h(x) 的图形上。该点的坐标和是多少？",12,36,39,13,C,high_school_mathematics
213,已知 \[\dfrac{\sqrt{x}}{x\sqrt{3}+\sqrt{2}} = \dfrac{1}{2x\sqrt{6}+4}\]，求 x。,\frac{3}{4},\frac{1}{4},\frac{1}{2},\frac{1}{8},D,high_school_mathematics
226,一份消费者报告披露以下三支牙膏的信息。Bright 比 Fresh 贵 60%，体积比 Glow 少 25%。Glow 比 Bright 便宜 25%，体积比 Fresh 多 33\frac{1}{3} \ %。Fresh 每单位体积价格是 1.00 美元。Glow 每单位体积价格是多少美分？,90,120,60,320,A,high_school_mathematics
228,使 \frac{1}{n} 是一个终止小数且 n 包含数字 9 的最小正整数 n 是多少？,32,64,4096,256,C,high_school_mathematics
3,已知商品 X 和 Y 的交叉价格弹性是 +2.0。这意味着,商品 X 和 Y 是正常品。,商品 X 和 Y 是次等品。,商品 X 和 Y 是互补品。,商品 X 和 Y 是替代品。,D,high_school_microeconomics
41,边际收益递减法则会使,AVC 首先上升，但最终会随着产出的增加而下降。,AFC 首先上升，但最终会随着产出的增加而下降。,MP 首先下降，但最终会随着产出的增加而上升。,MC 首先下降，但最终会随着产出的增加而上升。,D,high_school_microeconomics
70,假设在咖啡市场上设置了价格下限。这一政策的一个结果是,对咖啡冲泡机的需求减少。,市场上咖啡的持续短缺。,由于咖啡价格下降，消费者剩余增加。,对咖啡需求的增加。,A,high_school_microeconomics
212,以下哪个选项可能拥有弹性最小的需求曲线？,对完全竞争企业产出的需求,对生产同质产品的寡头垄断企业的产出的需求,对生产差异化产品的寡头垄断企业的产出的需求,对垄断企业产出的需求,D,high_school_microeconomics
214,为了找到特定商品的市场供给曲线，人们会,水平汇总企业边际收入水平曲线,垂直汇总企业供给曲线,垂直汇总企业边际成本曲线,水平汇总企业供给曲线,D,high_school_microeconomics
218,第 1 题答案的基础是,P 或劳动工资率 > 劳动的 MRP，而对于额外一个单位的劳动，工资率 < MRP。,P 或劳动工资率 < 劳动的 MRP，而对于额外一个单位的劳动，WI > MRP。,总收入达到最大值。,总产出达到最大值。,B,high_school_microeconomics
222,沙丁鱼的总效用在购买时达到最大值，直到,边际效用为零,边际收益等于边际成本,消费者剩余为零,实现了分配效率,A,high_school_microeconomics
8,一个质量为 m 的盒子在水平表面上以初速度 v0 滑行。除了重力和表面力外，它没有受任何力的作用。如果盒子和表面之间的动摩擦系数为 μ，那么盒子滑行多远才会静止下来？,v0^2/(2μg),v0^2/(μg),2v0^2/(μg),mv0^2/(μg),A,high_school_physics
16,电子束的速度为 10^7 m/s，地球磁场强度为 5 × 10−5 T，如果利用地球磁场将电子束弯曲成圆形，那么这个圆的半径是多少？,1 nm,1 μm,1 mm,1 m,D,high_school_physics
29,一个盒子放在一个斜面上，没有滑动。随着斜面角度（从水平方向测量）的增加，法向力,线性增大,线性减小,不变,非线性减小,D,high_school_physics
84,两个带电小球间的距离很小，它们之间的相互作用力为 50 μN。若保持两个小球的电荷量相同，其中一个小球的质量会增加一倍，另一个小球则不会。两个小球间的新电力是多少？,50 μN,100 μN,200 μN,400 μN,A,high_school_physics
118,两名滑冰者在无摩擦的冰面上滑行，即将相撞。50-kg 的滑冰者以 4 m/s 的速度向正西方向滑行。75-kg 的滑冰者以 2 m/s 的速度向正北方向滑行。相撞后，他们贴在一起。对于这种情况，以下哪种说法是正确的？,该系统的线性动量是守恒的，因为在碰撞过程中，系统的净力不为零。,该系统只有动能是守恒的，因为这是非弹性碰撞。,该系统只有动能是守恒的，因为这是弹性碰撞。,该系统的线性动量是守恒的，因为系统的净力为零。,D,high_school_physics
129,一个粒子在速度为 3.0 m/s 时动能以 –6.0 J/s 的速率变化。此时，粒子受到的力是多少？,0.5 N,2.0 N,4.5 N,9.0 N,B,high_school_physics
141,验光师使用镜片度数线性标度（单位为屈光度）制定镜片矫正方案。近视患者看不清远处的物体，因为他们眼睛的晶状体的聚光能力太强了。如果某近视患者的屈光度是 -5，那么她的矫正镜片会使远处的物体呈现出怎样的像？,在她眼前约 20 cm 处呈现出正立的实像,在她眼前约 20 cm 处呈现出正立的虚像,在她眼后约 20 cm 处呈现出倒立的实像,在她眼后约 5 cm 处呈现出倒立的虚像,B,high_school_physics
59,Ek 教授对研究中学生的网络霸凌行为很感兴趣。以下哪一种研究方法的选择（和选择的理由）是最合适的？,实验——研究网络霸凌最方便、最合乎道德的方法是将一半的参与者随机分配到经历自变量（网络霸凌）的一组。,相关性——故意让中学生接触霸凌行为是不道德的，所以 Ek 教授应该研究与现有网络霸凌事件相关的变量。,自然主义观察——通过监测中学生的社交网络行为来观察网络霸凌的实例将提供最准确的数据，并且不会引起重要的隐私问题，因为社交网络被认为是“公共”空间。,调查——关于网络霸凌行为和对这些行为的反应的自我调查报告可能会提供对霸凌及其影响的最准确描述。,B,high_school_psychology
70,下列哪种类型的数据涉及统计在指定时间段内观察到的行为的发生次数？,持续时间记录,延迟记录,事件记录,整体-间隔记录,C,high_school_psychology
76,一种以受迫害妄想、幻觉和思维紊乱为特征的疾病是,偏执型分裂症,神经性厌食症,转化性障碍,疑病症,A,high_school_psychology
99,在黑暗时期，大脑中部的松果体产生以下哪一种对睡眠调节至关重要的激素？,雌激素,肾上腺素,睾酮,褪黑激素,D,high_school_psychology
107,B· F·斯金纳以他涉及_____的工作而闻名,生物视角,行为视角,认知视角,心理动力学视角,B,high_school_psychology
132,由于一次事故，Abdul 的右眼失明了。为了判断车辆的距离，Abdul 在驾驶时能够依靠_____的线索,仅 I,仅 II,仅 III,仅 I 和 II,D,high_school_psychology
194,亚伦·贝克的消极信念三联组，通过检查对自我和世界的消极想法来解释抑郁症的循环，它说明了哪种类型的治疗？,精神分析,认知,人文主义,行为,B,high_school_psychology
216,研究表明，与心脏病相关的 A 类行为的最关键因素是,愤怒,竞争力,时间紧迫感,责任心,A,high_school_psychology
220,以下哪一种神经递质与快乐体验最明显相关？,伽马氨基丁酸,乙酰胆碱,5 -羟色胺,多巴胺,D,high_school_psychology
224,根据埃里克森的观点，那些在生命结束时带着遗憾和感觉生活缺乏成就感的人，证明他们没有成功地解决人生_____的挑战,亲密与孤独,角色同一与混乱,完善无憾与悲观绝望,繁衍与停滞,C,high_school_psychology
401,霍华德·加德纳和罗伯特·斯滕伯格等一些当代智力研究人员抱怨学校过于关注,不重要的科目，比如艺术和音乐。,鼓励创造性思维。,影响智力表现的环境因素。,传统的科目和方法。,D,high_school_psychology
418,对重力作出反应并让你了解身体在空间中的位置的感受器主要位于,耳朵的耳蜗,眼黄斑,嗅觉粘膜,骨骼的肌肉和关节,D,high_school_psychology
430,动作电位涉及到_____的运动,葡萄糖进入轴突,脂肪从轴突末端排出,突触间隙中的分子,钠离子进入轴突,D,high_school_psychology
441,根据研究人员达利和拉塔妮的说法，当有很多人目击犯罪时，旁观者的干预会减少。什么社会心理学概念可以最好地解释这一现象？,社会惰化,偏见,从众,责任分散,D,high_school_psychology
454,根据以下哪一种人格理论，所有人本质上都有相同的一套特质，不同之处只在于他们表现出每种特质的程度？,一般规律,特殊规律,弗洛伊德,体型分类,A,high_school_psychology
472,哪个最能代表脉冲在反射弧上的路径？,受体，传入神经元，中间神经元，传出神经元，效应器,受体，传出神经元，中间神经元，传入神经元，感受器,感觉神经元，中间神经元，传入神经元，传出神经元，效应器,效应器，感觉神经元，传入神经元，中间神经元，受体,A,high_school_psychology
479,哪种研究方法最有可能被用于检验以下假设：通过购买混合动力汽车来节省能源的人更有可能在有机食品上花更多的钱。,实验,自然观察,案例研究,相关性,D,high_school_psychology
521,在功能上，眼睛视网膜上的受体与耳朵耳蜗上的受体的最大区别在于,其细胞膜静息电位的大小,参与它们的动作电位的离子,它们转换的能量类型,每个细胞拥有的轴突数,C,high_school_psychology
530,列夫·维果茨基研究认知发展的方法是,心理动力,行为,生物,社会文化,D,high_school_psychology
171,一个镇有一所高中，用公共汽车接送来自城市、郊区和农村社区的学生。推荐以下哪个样本，用于研究对跟踪优等班、普通班和差班学生的态度？,便利样本,简单随机样本 (SRS),分层样本,系统样本,C,high_school_statistics
149,"本问题涉及以下信息。
“我们的宪法并没有照搬邻国的法律；与其说我们自己是模仿者，不如说我们是别人的榜样。它的管理有利于多数人，而不是少数人；这就是它被称为民主的原因。如果我们仰仗法律，法律在私人差异方面为所有人提供了平等的公正；如果没有社会地位，在公共生活中的晋升则取决于能力的声誉，不允许阶级因素干扰功绩；如果一个人有能力为国家服务，他也不会因其条件不好而受到妨碍。我们在政府中享有的自由也延伸到我们的日常生活中。我们不会因为邻居做了他喜欢做的事而对他发火，甚至不会沉溺于那些令人不快的眼神，尽管这些眼神不会造成任何惩罚。但是，我们在私人关系中的所有这些便利并没有使我们成为无法无天的公民。这种恐惧是我们的主要保障，它教导我们要服从法官和法律，特别是关于保护受害者的法律，无论它们是否成文法律，或者属于那种虽然没有成文，但如果违背就会蒙羞的准则。”
修昔底德，《伯罗奔尼撒战争史》，约公元前 415 年。
在写作这篇文章的时期，谁可以参与希腊的民主进程？",在本州地理范围内出生的所有成年男子,在本州地理范围内出生的所有成年男子和女子,出生时即为本州公民的所有成年男子,出生时即为本州公民的所有成年男子和女子,C,high_school_world_history
171,"本问题涉及以下信息。
“卡斯提亚、莱昂、阿拉贡、西西里、格拉纳达等地的上述国王和王后以及葡萄牙和阿尔加维等地的上述国王的上述代表宣布：
[本人]鉴于上述领主及其选民之间对截至本条约签订之日在大洋海域发现的所有土地分别属于上述各部分存在一定争议；因此，为了和平与和睦，为了维护葡萄牙国王与卡斯提亚、阿拉贡等国国王和王后的关系和爱，诸位殿下以及他们的上述代表，以他们的名义并凭借他们在此所述的权力，约定并同意在上述大洋海域，从北到南，从北极到南极，确定并划定一条南北边界或直线。该边界或界线应按上述方法，在佛得角群岛以西三百七十里格处划成直线，以度数计算，或以任何其他可能被认为最佳和最合适的方法计算，但距离不得大于上述距离。上述葡萄牙国王及其船只在如上所述确定的界线和边界的这一侧，向东，在北纬或南纬，在上述边界的东侧，已经发现和探索的或今后将发现和探索的所有土地，包括岛屿和陆地，只要未跨越上述边界，均应属于上述葡萄牙国王及其继承者，并由其永久占有和拥有。以及卡斯提亚、阿拉贡等地的国王和王后及其船只在上述边界西侧发现的或今后将发现的所有其他土地，包括岛屿和陆地，如上所述，在其北纬或南纬向西经过上述边界后，应属于卡斯提亚、莱昂等地的国王和王后及其继承人，并由他们永久占有和拥有。”
1494 年《托德西利亚斯条约》
上述条约为以下哪个历史发展提供了证据？",君主们参与并对发现之旅感兴趣。,股份公司赞助了西半球和东半球的殖民活动。,欧洲和撒哈拉以南非洲之间的枪支和奴隶贸易。,科学革命和日心说的发现。,A,high_school_world_history
184,"本问题涉及以下信息。
那么，这些外国人又该用什么样的理由原则来换回有毒的药物呢？ 我们无意说外国人心中怀有这样的破坏性意图，但我们可以肯定地断言，由于他们对利益的过度渴求，他们根本不在乎对我们造成的伤害！既然如此，我们不禁要问，上天植入每个人心中的良知究竟变成了什么？ 我们听说，在你们自己的国家，鸦片是被严格禁止的。这有力地证明，你深知这对人类的伤害有多大。既然你们不允许它伤害你们自己的国家，你们就不应该让这种有害的药物转移到其他国家，更不应该转移到内陆国家！在中国向外国出口的产品中，没有任何一件不是以某种形式造福人类的。
中国贸易专员林则徐 1839 年致维多利亚女王的信
这篇文章与以下哪个广泛的发展最密切相关？",欧洲对中国公民的奴役,欧洲在中国传教活动的扩张,欧洲对中国的经济统治,欧洲对中国领土的殖民,C,high_school_world_history
192,"本问题涉及以下信息。
“他们一抵达，就受到了大汗的亲切接见，大汗的主要官员齐聚一堂。当他们走近他时，便跪在地上表示敬意。他立即叫他们起身，向他讲述他们旅行的情况，以及他们与教皇陛下谈判时发生的一切情况。他们按照事件的正常进展，用简明扼要的语言进行了叙述，他聚精会神地听着。随后，教皇格里高利的信函和礼物被摆在了他的面前，在听到前者的宣读后，他对使节们的忠诚、热情和勤奋大加赞赏；他怀着应有的敬意接过了圣墓中的油，并嘱咐要以虔诚的态度小心保存。他看到马可·波罗后询问他是谁，尼科洛回答说，这是你的仆人，也是我的儿子。大汗回答说：‘他很受欢迎，这让我很高兴。’大汗让他加入了自己的随从。因为他们的归来，大汗大摆宴席，欢天喜地；只要他们兄弟俩和马可还在大汗的宫廷里，他们就会得到比大汗自己的臣子更高的荣誉。马可受到宫廷所有成员的高度评价和尊敬。他在很短的时间内学会并采用了鞑靼人的礼仪，精通四种不同的语言，并具备了读写能力。”
《马可波罗游记》，约公元 1300 年。
以下哪项最好地描述了蒙古帝国与古代和中世纪世界其他主要帝国的不同之处？",蒙古人通常忽略或同化他们所征服的民族的文化特征。,蒙古人经常在没有重大破坏或流血的情况下占领领土。,蒙古人把他们的宗教信仰强加给他们征服的人民。,蒙古人对与其地理上的邻国进行贸易没什么兴趣。,A,high_school_world_history
217,"本问题涉及以下信息。
“非洲能够为世界和平做出的最大贡献是，通过建立一个政治联盟并以其成功为分裂的世界树立榜样避免不团结所固有的一切危险。非洲国家联盟将更有效地展现非洲的个性。它将赢得这个只看重规模和影响力的世界的尊重。非洲人反对法国在撒哈拉进行原子弹试验，但却很少受到关注；当刚果共和国陷入无政府状态时，联合国却在刚果纠缠于宪法的细枝末节，这种可耻的场面证明了大国对非洲独立的无情漠视。”
克瓦米·恩克鲁玛，加纳领导人，1961 年
根据演讲，法国人认为非洲是以下哪一种？",一群摇摇欲坠陷入无政府状态的共和国,一种在冷战中增强法国实力的资源,非常重要，因为撒哈拉沙漠的自然资源,一个强大的政治联盟,B,high_school_world_history
173,有孙子孙女上大学的祖父母报告说，当他们的孙子孙女有如下行为时，他们感到特别关爱,询问他们对生活的满意度并主动提供帮助,在节日期间探望并带来礼物,突然造访并征求意见,邀请祖父母到家里做客，做一顿丰盛的饭菜,C,human_aging
100,子宫内膜在下列哪个阶段生长和增厚？,月经期,卵泡期,黄体期,排卵期,B,human_sexuality
113,关于恋爱关系中的自我表露，下列哪项得到了研究支持？,当一方在关系中自我表露时，另一方不太可能这样做,一方的自我表露往往会导致另一方的自我表露,自我表露的量与关系满意度之间存在负相关,自我表露的量与关系满意度之间没有相关性,B,human_sexuality
26,MLE 估计通常不受欢迎，因为,它们有偏差,它们具有高方差,它们不是一致的估计量,以上都不是,B,machine_learning
30,神经网络：,优化凸目标函数,只能使用随机梯度下降进行训练,可以使用不同激活函数的混合,以上都不是,C,machine_learning
35,以下哪句话关于回归的说法是错误的？,它将输入与输出联系起来。,它用于预测。,它可用于解释。,它发现因果关系,D,machine_learning
44,给定一个具有 N 个输入节点、没有隐藏层、一个输出节点、具有熵损失和 S 型激活函数的神经网络，以下哪种算法（具有适当的超参数和初始化）可用于找到全局最优值？,随机梯度下降,小批量梯度下降,批量梯度下降,以上所有,D,machine_learning
53,神经网络中 S 型函数节点的数值输出：,无界，包含所有实数。,无界，包含所有整数。,介于 0 和 1 之间。,介于 -1 和 1 之间。,C,machine_learning
59,以下哪项可以在进行装袋算法时防止过度拟合？,使用替换抽样作为抽样技术,使用弱分类器,使用不易过度拟合的分类算法,对每个经过训练的分类器进行验证的做法,B,machine_learning
71,K 倍交叉验证是,K 中的线性,K 中的二次,K 中的三次,K 中的指数,A,machine_learning
74,人工智能带来的生存风险最常与以下哪位教授有关？,Nando de Frietas,Yann LeCun,Stuart Russell,Jitendra Malik,C,machine_learning
75,陈述 1| 最大化逻辑回归模型的似然会产生多个局部最优值。陈述 2| 如果数据分布已知，则没有分类器能比朴素贝叶斯分类器做得更好。,正确，正确,错误，错误,正确，错误,错误，正确,B,machine_learning
81,陈述 1| 在贝叶斯网络中，连接树算法的推理结果与变量消除的推理结果相同。陈述 2| 如果两个随机变量 X 和 Y 在给定另一个随机变量 Z 的情况下条件独立，则在相应的贝叶斯网络中，X 和 Y 的节点在给定 Z 的情况下是 d 分离的。,正确，正确,错误，错误,正确，错误,错误，正确,C,machine_learning
99,在线性回归中应用正则化惩罚后，您发现 w 的一些系数被归零。可能使用了以下哪种惩罚？,L0 范数,L1 范数,L2 范数,(a) 或 (b),D,machine_learning
54,反映一个组织状况的关键因素是什么？,行政管理,流程,活动,突发事件,D,management
88,哪位 18 世纪的作者撰写一本名为《国富论》的著名著作？,弗雷德里克·泰勒,亨利·明茨伯格,亚当·斯密,塞缪尔·约翰逊博士,C,management
100,社会企业关心什么？,利润最大化,市场份额最大化,提供公共服务,经营企业，创造社会效益,D,management
54,营销研究：,是为了了解如何制定特定的营销策略决策而进行的工作。,是指从个人或组织的样本或普查中收集和分析数据。,包括各种形式的市场、意见和社会研究，例如消费者和行业调查。,是为确定相关行业的结构特征而进行的工作。,A,marketing
78,当零售商店同意与某个消费品的全国分销商分摊该产品的广告费用时，使用了下列哪种类型的广告？,贸易广告,行业广告,全国性广告,合作广告,D,marketing
83,哪种类型的零售商将相对较低的价格作为一个主要卖点，并结合较低的经营成本？,折扣零售商。,便利店。,品类刺客商店。,有限品种商店,A,marketing
98,现在，在世界上许多国家，几乎所有营销传播形式的烟草广告都被禁止。这可以解释为以下因素的影响：,技术环境。,法律环境。,经济环境。,生态环境。,B,marketing
127,这些商店旨在消灭竞争，其特点是产品搭配很窄但非常丰富，价格低廉，客户服务很少。,专业商店。,有限品种商店,品类刺客商店。,超级商店。,C,marketing
151,这是制造、购买和消费可能在不同时间点发生的情况。,时间效用。,所有权效用。,可访问性。,信息效用。,A,marketing
175,____________________是那些满足相同的目标市场，但提供不同的产品，以满足市场需求的公司，例如 Spotify、Sony 和 Apple 的 iPod。,直接竞争。,直接供应商。,间接分销商。,间接竞争。,D,marketing
220,家庭生命周期：,是一种应用心理细分的方法。,指家庭形成和解体的过程。,提供对年龄、职业、收入和住房之间关系的见解。,由个人从婴儿期到退休的 11 个成长阶段组成。,B,marketing
221,一家营销研究公司与客户签订合同，从数据收集、分析和报告等方面进行完整的市场研究项目。这是一家__________公司。,顾问。,现场机构。,全面服务机构。,制作表格机构。,C,marketing
20,迪乔治/什普林茨恩综合征是由哪个染色体的缺失引起的？,4,7,15,22,D,medical_genetics
36,下列哪种疾病在父系遗传中显示出预期效应？,亨廷顿病,马凡氏综合征,囊性纤维化,脆性 X 染色体综合征,A,medical_genetics
48,平均而言，表兄弟姊妹共有的基因比例是___。,1.0/2,1.0/4,1.0/8,1.0/16,C,medical_genetics
53,用于克隆的质粒载体：,通常能容纳的插入比噬菌体载体大,在细菌内生长，并出现在琼脂平板上的细菌聚落中,能容纳超过 10 万个碱基的插入,包含着丝粒，以便在酵母中繁殖,B,medical_genetics
40,在第二次世界大战期间，这些国家中哪一个不是轴心国联盟的成员？,德国,意大利,西班牙,日本,C,miscellaneous
61,在十字军东征时期，伊斯兰文明在以下哪个领域对欧洲人影响最大？,音乐,神学,数学,法律,C,miscellaneous
133,这些动物中哪一种会下蛋？,牛,沙鼠,青蛙,大象,C,miscellaneous
162,需要多少羽衣甘蓝才能提供一个人一整年所需的卡路里？,2*10^3 公斤/年,2*10^4 公斤/年,2*10^5 公斤/年,2*10^6 公斤/年,A,miscellaneous
251,马海毛是由什么动物的羊毛制成的？,骆驼,美洲驼,山羊,鼹鼠,C,miscellaneous
308,应对经济衰退的财政政策需要,增加税收,增加政府开支,降低存款准备金率,降低贴现率,B,miscellaneous
323,下列糖果中哪一种是以棒球运动员的名字命名的？,Baby Ruth,Clark Bar,Reggie Bar,Butterfinger,C,miscellaneous
342,什么运动被称为“国王的运动”？,马球,射箭,游艇,赛马,D,miscellaneous
400,19 世纪早期的铁路蒸汽机是下列哪一种动力系统的不错例子？,内燃机,外燃机,旋转式引擎,反应引擎,B,miscellaneous
404,美利坚联盟国有多少个州？,11,13,16,22,A,miscellaneous
418,下面哪一种岩石最有可能是由页岩变质作用形成的？,花岗岩,石英岩,片岩,大理石,C,miscellaneous
462,在电影《王牌大贱谍》中，邪恶博士的小克隆体叫什么名字？,Little Buddy,Mini Me,Small Fry,小邪恶博士,B,miscellaneous
496,CD-ROM 中的 ROM 是什么意思？,非常模糊的记忆,运行其他内存,随机对象存储器,只读存储器,D,miscellaneous
559,下面哪一种是用可可籽做的？,杏仁蛋白软糖,酱油,巧克力,凤尾鱼,C,miscellaneous
567,根据耶鲁大学的一项研究，美国成年人最容易识别的气味是什么？,金枪鱼,洗衣,爆米花,咖啡,D,miscellaneous
628,哥伦布第一次航行到“新世界”时起航了多少艘船？,2,3,5,10,B,miscellaneous
652,制作和复制的第一个录音是背诵什么童谣？,《汉普蒂邓普蒂》,《玛丽有只小羊羔》,《杰克要灵活》,《甜蜜之家》,B,miscellaneous
655,在颅骨上钻孔的过程叫什么？,分岔,环钻术,高层大气物理学,欺骗,B,miscellaneous
726,谁是罗马神话中的花之女神？,戴安娜,埃稠,弗罗拉,尼奥比,C,miscellaneous
750,下面哪一种声音通常与猫头鹰有关？,啁啾,吠,咆哮,鸣响,D,miscellaneous
763,飓风佛罗伦萨登陆时的角动量是多少？,L = 10^16 kg * m^2 / s,L = 10^19 kg * m^2 / s,L = 10^22 kg * m^2 / s,L = 10^25 kg * m^2 / s,B,miscellaneous
24,以下哪项不会随年龄增加而发生？,去脂体重下降,骨密度下降,食欲增加,免疫功能受损,C,nutrition
123,现已证明哪些饮食成分能改善人类的高血压？,钾,钠,多不饱和脂肪酸,胆固醇,A,nutrition
152,骨骼肌组织的基本功能单位是什么？,肌纤维,肌节,肌原纤维,肌质网,B,nutrition
158,素食者的体重指数 (BMI) 与肉食者平均差值是多少？,3 个单位的 BMI,0.5 个单位的 BMI,1 个单位的 BMI,2 个单位的 BMI,C,nutrition
228,2 型糖尿病的危险因素包括：,家族史,超重,饮食脂肪摄入量高,以上选项均正确。,D,nutrition
104,迪纳和克兰德尔提到了多少种道德原则？,三种：对学生的危害；缺乏知情同意；侵犯社交媒体隐私。,四种：对参与者的危害；缺乏知情同意；侵犯隐私；涉及欺骗,两种：道德和不道德,两种：对与错,B,philosophy
296,巴特勒认为，一个人以富有同理心的方式行动的程度取决于：,他的同理心情感的力量。,他除了同理心之外的其他情感的力量。,a 和 b 都是。,不是 a 也不是 b。,C,philosophy
60,玉米的野生祖先是什么？,单粒小麦,二粒小麦,墨西哥类蜀黍,豆类,C,prehistory
64,对粳稻（短粒）和籼稻（长粒）这两个主要品种的遗传研究表明：,每一种水稻之间的亲缘关系都比它们在当地的野生祖先更密切，这表明这些现代水稻品种是最近在东亚发展起来的。,每一种水稻与当地野生祖先的关系都比另一种更为密切，这表明这些现代水稻品种是在东亚和南亚分别驯化的。,每一种水稻都互不相关，这表明这些现代水稻品种是在东亚和西欧分别驯化的。,"每一种水稻都与当地的野生祖先密切相关，这表明驯化一定发生在最近，且不早于 2,000 年前。",B,prehistory
77,有趣的是，古代南美洲的文明似乎都没有发展出：,纪念性作品。,灌溉技术。,书面语言。,大量的军队。,C,prehistory
138,阿尔班山遗址位于________，由_________建造。,墨西哥谷；阿兹特克人。,瓦哈卡谷；萨巴特克人。,亚马逊泛滥平原；奥尔梅克人。,尤卡坦半岛；玛雅人。,B,prehistory
231,在古代文明中，共同宗教肖像艺术的传播可能表明什么？,暴力减少，和平增加,文化上，或许还有政治上的统一,贸易和某种形式的货币的使用的增加,有组织的宗教的开始和人类献祭的结束,B,prehistory
236,考古和遗传证据表明，狼与狗分离的驯化过程发生在：,"65,000 至不晚于 48,000 年前","45,000 至不晚于 38,000 年前","35,000 至不晚于 18,000 年前","15,000 至不晚于 10,000 年前",C,prehistory
262,考古学家如何描述在哥贝克力石阵、Watson Brake 和波弗蒂角建造纪念性建筑的民族？,农学家,丰富的觅食者,古老的国家,原始文明,B,prehistory
6,在第 7 年的 7 月 1 日，Dean Co. 以溢价发行了到期日为第 12 年 7 月 1 日的债券。Dean Co. 错误地采用了直线摊销法，而非实际利率法摊销溢价。在第 12 年 6 月 30 日，该错误对下列数额有何影响？                                   债券账面金额  留存收益,高估  低估,低估  高估,高估  没有影响,没有影响  没有影响,D,professional_accounting
13,"一家公司预计在 3 月将生产 10,000 件成品。直接人工标准显示，每个成品需要 2.4 个直接人工小时，标准工资为每小时 20 美元，共计每个成品 48 美元。在 3 月，公司实际生产了 9,000 个成品。生产每个成品使用 2.5 个直接人工小时，公司实际支付每小时 21 美元，共计每个成品 52.5 美元。3 月，公司的直接人工费率差异是多少？","18,000 美元","22,500 美元","25,000 美元","40,500 美元",B,professional_accounting
30,"Vital Corp. 是一家按权责发生制记账的日历年制 C 公司。其第二年的联邦所得税前账面收入为 500,000 美元。该金额包括下列项目：第一年州特许税退税 50,000 美元，市政债券利息收入 7,500 美元。Vital 在其 1120 号表美国公司所得税申报表的附表 M-1 中应报告的第二年应纳税所得额是多少？","500,000 美元","492,500 美元","450,000 美元","442,500 美元",B,professional_accounting
34,Long 是 Frost 的采购代理，Frost 是个体经营者。Long 有明确权限向 Frost 的供应商下采购订单。Long 在互联网上开展业务，与 Frost 接触甚少。在司法诉讼中被宣布为无行为能力后，Long 代表 Frost 向 Grant Corp. 下了一个订单。Long 和 Grant 都不知道 Frost 无行为能力。Frost 或 Frost 的法定代表是否对 Grant 负责任？,是，因为 Long 的代理关系在 Frost 无行为能力后仍然有效。,是，因为订单无论 Frost 是否无行为能力都是有效的。,否，因为 Grant 只与 Long 打交道。,否，因为 Long 无权订立合同。,D,professional_accounting
67,在一年中，Verity 公司以面值购买了 200000 美元的 Otra 公司债券和 50000 美元的美国国债。Verity 将 Otra 债券归类为可供出售证券，将国债分类为现金等价物。在 Verity 的现金流量表中，应报告的投资活动净现金支出为多少？,0 美元,"150,000 美元","200,000 美元","250,000 美元",C,professional_accounting
82,Ace 公司以每股 15 美元的现金发行了 1000 股面值 10 美元的普通股。这笔交易应如何在 Ace 的发行年度现金流量表中报告？,"筹资活动现金流入 15,000 美元。","融资活动的现金流入 10,000 美元，调整以得出经营活动的现金流 5,000 美元。","投资活动产生的现金流 15,000 美元。","投资活动产生的现金流 10,000 美元，经营活动产生的现金流 5,000 美元。",A,professional_accounting
98,下列哪项被视为地方政府一般目的外部财务报告中必需的补充信息的一部分？,基金财务报表。,合并非主要基金报表。,财务报表附注。,管理层陈述与分析。,D,professional_accounting
108,"Darv Co. 目前的流动比率为 3 比 1，速动比率为 1 比 1。其流动负债为 322,000 美元。库存和预付费用的总金额是多少？","322,000 美元","644,000 美元","966,000 美元","1,288,000 美元",B,professional_accounting
127,Mast Co. 将库存估值方法从先进先出 (FIFO) 变更为后进先出 (LIFO)，用于财务报表和税务目的。在通货膨胀时期，Mast 使用 LIFO 的期末库存和应付所得税会比使用 FIFO 更高还是更低？                                                         期末库存  应付所得税,更低  更低,更高  更高,更低  更高,更高  更低,A,professional_accounting
133,"Large 市不使用修正法来核算道路。在本年年初，该城市花费了 800,000 美元用于新建道路。这些道路的使用寿命为 20 年。Large 市应在本年活动报告中将多少金额报告为与新建道路相关的费用？",0 美元,"20,000 美元","40,000 美元","800,000 美元",C,professional_accounting
139,下列哪种因素最有可能提高审计员对虚假财务报告风险的关注？,审计委员会批准了会计政策的初选。,企业所属行业缺乏竞争且利润率不断提高。,管理层披露了未决诉讼和或有负债。,企业的年终调整对财务结果有重大影响。,D,professional_accounting
203,如果一只五年期债券的收益率为 6%，而一只十年期债券的收益率为 5%，那么收益曲线可能是怎样的？,向上倾斜,−5 处为 3%,−10 处为 4%,向下倾斜,D,professional_accounting
227,Lake Trust 是一个简单信托公司，年度内报告的收入和费用如下：                                                         股息收入 2500 美元，应税利息收入 2000 美元，资本收益（分配给本金）5000 美元，会计费用（分配给收入）(500) 美元，受托人费用（分配给收入）(750) 美元，Lake 的可分配净收入是多少？,"9,500 美元","8,250 美元","5,000 美元","3,250 美元",D,professional_accounting
31,一名 32 岁的男性在骑摩托车时被汽车撞倒，30 分钟后被送到急诊室。他报告骨盆剧烈疼痛。检查发现会阴部有挫伤，骨盆活动时出现疼痛。尿道口有血迹。他没有其他阴茎创伤。X 光平片显示耻骨上支骨折，并进行逆行尿道造影以评估尿道损伤。这名患者的下列哪个部分的尿道损伤风险最大？,壁内（前列腺前）,膜部,前列腺部,海绵部,B,professional_medicine
85,一名 54 岁的女性因 1 天前进行一次痛苦的牙科手术后出现严重的下颚疼痛来急诊科就诊。手术后医生向患者开具了可待因，并告知每 4 小时服药一次，但尽管按时服药，她依然疼痛。她的其他家庭成员也有类似经历，即用可待因控制疼痛效果不好。下列哪项是这种治疗失败的最可能解释？,可待因吸收减少,可待因代谢成吗啡降低,κ受体缺陷,可待因血浆蛋白结合率增加,B,professional_medicine
89,一名 15 岁女孩因有 3 个月的痤疮病史来就诊。从 12 岁开始，她的乳房和阴毛发育。她在 14 岁时出现初潮。体检显示双颊和前额有散在的开放和闭合性粉刺。乳房和阴毛发育为塔纳分期 5 期。下列哪项是该患者痤疮最可能的根本原因？,雌激素对皮脂腺的刺激增加,皮脂腺对促卵泡激素的反应性增加,交感神经对皮脂腺的刺激增加,雄激素对皮脂腺的刺激,D,professional_medicine
159,一名医生正在对一项涉及使用药物 X 治疗特定疾病的试验进行回顾性审查。已知使用药物 X 会增加患者患癌症的可能性。共有 600 名患有特定疾病的个体被纳入试验。参与者中，有 200 人使用了药物 X，400 人没有使用它。使用药物 X 的 100 名患者死于某种特定类型的癌症，未使用药物 X 的 100 名患者也死于同一种癌症。基于这些数据，下列哪项是与未使用该药物的个体相比，使用药物 X 的个体死于这种癌症的相对风险？,使用药物 X 的个体死于这种癌症的风险与未使用该药物的个体相同,使用药物 X 的个体死于这种癌症的风险是未使用该药物的个体的四倍,使用药物 X 的个体死于这种癌症的风险是未使用该药物的个体的三倍,使用药物 X 的个体死于这种癌症的风险是未使用该药物的个体的两倍,D,professional_medicine
166,一名 15 岁男性因左侧睾丸无痛肿胀来诊所就诊，肿胀在过去几个月中大小不一。没有外伤史。病变透光性好，未触及腹股沟淋巴结。睾丸扫描结果正常。最合适的治疗方法包括,注射硬化剂,针吸,针活检,手术修复,D,professional_medicine
174,一名 5 岁女孩因反复受伤由父母带来评估复发性损伤。父母说她在 14 个月大时开始走路，从那时起就比其他孩子更笨拙，更容易受伤。自从 3 个月前开始踢足球以来，她在运动时越来越频繁地出现胸痛。练习后她的膝盖或脚踝通常会疼痛和肿胀。她戴眼镜已经 2 年了。她 16 岁的哥哥因在洗澡时肩袖严重受伤需要做两次手术，而她有一位表兄在 26 岁时因主动脉瘤破裂去世。这名患者今天走路时一瘸一拐。身高百分位数为第 99 百分位，体重百分位数为第 50 百分位。心尖部听诊时听到了中期收缩音。左脚踝肿胀且压痛，活动范围因疼痛受限。上下肢的关节松弛，包括膝反屈 25 度，拇指可以伸到触碰前臂，腰部灵活，双手掌以直膝状态轻松触碰地面。下列哪项是最合适的后续诊断？,骨骼扫描,超声心动图,骨扫描,肩部 MRI,B,professional_medicine
235,"一名有自残史的 43 岁男性因右大腿疼痛和过去 3 天的寒颤来到急诊室。他说 6 天前曾故意用打火机烧伤右大腿多次。今天早上他将大腿浸泡在热水浴缸中并按摩，之后伤口处流出了大量“绿色液体”。患者通常服用碳酸锂，但在 3 个月前失业后停止服用。病史无其他异常。生命体征显示体温 39.2°C（102.5°F），脉搏 170 次/分，呼吸 18 次/分，血压 120/60 mm Hg。体检发现右大腿外侧水肿，多处烧伤，有白色渗出。烧伤区域周围有红斑，红色条纹延伸到大腿。触诊烧伤部位发现波动感。实验室检查结果显示血红蛋白浓度为 14 g/dL，白细胞计数为 19,000/mm³。在开始抗生素治疗的同时，下列哪项是最合适的后续措施？",切开引流,精神科咨询,局部施用磺胺嘧啶银,转移至烧伤中心,A,professional_medicine
258,一个 4 岁男孩被带来复查。他有慢性复发性中耳炎的病史，最近完成了 10 天的抗生素疗程。生命体征在正常范围内。检查显示耳道清晰，鼓膜完整；鼓膜后面可见一个棕色、不规则的肿块。下列哪项是这些结果的最可能解释？,上皮组织增生,舌乳头脱落,中耳积液,中面部发育不全,A,professional_medicine
84,一位来访者在第一次治疗期间告诉古德威尔医生，他想用现金支付治疗费用，并且不希望古德威尔医生保留任何治疗记录和付款记录。如果古德威尔医生同意该安排，那么她的行为：,符合职业道德，前提是她确定来访者具有正当理由提出此请求。,符合职业道德，因为古德威尔医生有权决定在治疗记录中包括哪些信息。,符合职业道德和法律规定，前提是她将来访者的付款金额作为收入计入所得税申报表中。,不符合职业道德，甚至可能违法。,D,professional_psychology
89,为了减少初中学生群体之间的敌意，您认为最好的建议是：,增加在愉快条件下接触的机会。,让社区中受人尊敬的成员向学生讲述合作的好处。,让每个群体选出一名代表讨论减少敌意的方法。,为学生分配只有通过群体间合作才能实现的目标。,D,professional_psychology
94,关于催眠，最恰当的描述是一种对暗示的反应，涉及：,可测量的生理变化。,记忆、情绪和感知的改变。,对情境要求的依从性增强。,“人工睡眠”状态。,B,professional_psychology
188,费希纳定律假定“最小可觉差”是,心理上相等的间隔,数值上相等的间隔,量级逐渐减小,不稳定且无法可靠测量,A,professional_psychology
225,对于人本主义心理治疗的从业者来说，引起精神病理的原因是：,潜能受阻。,崩溃。,未解决的冲突。,严重的创伤。,A,professional_psychology
239,根据诺姆·乔姆斯基的本土主义理论，语言主要是下列哪项的作用结果：,先天因素。,操作性条件反射。,父母榜样。,认知发展。,A,professional_psychology
266,老年人最常见的功能性精神障碍是,偏执,抑郁,疑病症,广场恐怖症,B,professional_psychology
296,一项研究发现，制定法律将买酒的最低年龄从 18 岁提高到 21 岁后会导致未成年大学生饮酒率上升。该结果符合：,预防模型。,认知失调理论。,心理逆反理论。,去个性化模型。,C,professional_psychology
311,一名员工正在通过公司的员工援助计划接受心理咨询。在此情况下，当满足下列哪种条件时，心理师可以让员工的主管知道该员工正在接受治疗：,任何情形下都不可以。,只有当员工是经主管转介而参加该计划时。,只有当主管签署了豁免书时。,只要没有向主管提供有关治疗的其他信息。,B,professional_psychology
324,如果要允许实验中的欺骗行为，则必须满足的条件是：,科学研究的优点或价值决定了所使用的欺骗类型,研究者在实验结束后的 3 年内对欺骗行为做出仔细解释,欺骗不涉及隐瞒研究目的,欺骗不会严重误导被试,A,professional_psychology
419,下列哪项最符合关于与前治疗来访者发生性亲密关系的道德准则的描述？,在任何情况下，心理师都不得与前治疗来访者发生性亲密关系。,心理师在治疗结束后至少一年内不得与前治疗来访者发生性亲密关系。,在某些情况下（例如，存在剥削风险时），心理师不得与前治疗客户发生性亲密关系。,没有禁止心理师与前治疗来访者发生性亲密关系的规定。,C,professional_psychology
439,一位心理师在当地报纸上刊登广告，称其可以保证治愈焦虑症。,该广告不符合职业道德，因为心理师不可以打广告,该广告符合职业道德，因为该心理师很优秀,该广告不符合职业道德，因为其内容对治疗有效性做出了误导性保证,该广告符合职业道德，因为心理师也受到《美国宪法第一修正案》的保护，有言论自由权利,C,professional_psychology
440,心理师将连接过去、现在和未来的途径称为 ___________。,组织过程,发展轨迹,发展途径,理论模型,B,professional_psychology
443,对于典型衰老模式，在修订版韦氏成人智力量表中，下列哪项分测验分数会下降？,所有语言分测验,所有操作分测验,仅词汇分测验,仅积木设计分测验,B,professional_psychology
467,在下列哪种情况下，操作性消退不会成为首选治疗方法：,无法确定替代行为。,行为已按连续计划得到强化。,无法容忍行为的暂时增加。,无法确定行为的基线水平。,C,professional_psychology
470,工作满意度看起来与下列哪项因素的负相关程度最大？,智力水平,离职率,与同事隔离,教育水平,B,professional_psychology
471,下列哪项未在 DSM-5 嗜赌诊断标准中体现？,耐受性,戒断,法律问题,撒谎,C,professional_psychology
495,通常不推荐职业兴趣量表作为,教育决策辅助工具,招聘选拔工具,自我理解辅助工具,职业信息来源,B,professional_psychology
497,在尾向左的偏态平滑分布中，最高值的统计量是,标准差,众数,中位数,均值,B,professional_psychology
567,下列哪种情况下禁忌采用家庭治疗？,当前问题涉及长期婚姻冲突。,家庭成员将问题归咎于其中一名成员。,一名家庭成员患有重度抑郁症。,一名家庭成员患有厌食症或暴食症。,C,professional_psychology
582,Atkinson、Morten 和 Sue (1993) 的种族/文化认同发展模型提出，人们在下列哪个阶段开始质疑主流文化的各个方面以及对自己文化的绝对忠诚？,遭遇,不和谐,整合意识,内省,D,professional_psychology
587,使用下列哪种研究设计时，自相关最有可能成为问题？,时间序列,析因,组间,所罗门四组,A,professional_psychology
598,关于不同语言社区的婴儿早期牙牙学语的正确说法是：,牙牙学语包含构成所有语言的全部音素,每个语言社区的婴儿从牙牙学语开始都是不同的,每个语言社区的婴儿在说出第一个词之前，牙牙学语都是相同的,牙牙学语取决于语言的语音结构,A,professional_psychology
32,网络是伯纳斯-李 (Berners-Lee) 实际上在哪一年发明的？,1980,1989,1991,1993,C,public_relations
42,提到哪些因素会影响媒体对新闻的报道？,内容、消息来源的质量、相关性,时间、内容、媒体联络,内容、消息来源的质量、人文关怀角度,时间、相关性、政治倾向,B,public_relations
66,Leslie 是一名心怀不满的员工，她走进自己的工作场所，向三个人开枪，打死两人，重伤一人。Leslie 的行为属于哪种情况的例子？,工作场所暴力,组织不当行为,大破坏,危机管理,A,public_relations
91,广告活动的第二阶段是建立 ________，或成为众所周知的值得信赖和信得过的品牌。,合法性,身份,可靠性,代理机构,A,public_relations
30,"沙利文（Sullivan,2000）的研究表明，在下列情况下，男性承担的家务劳动比例最大：",他们重新发现了自己的 “新人”身份,他们的妻子在家，一直对他们唠唠叨叨,发明了真空吸尘器和电熨斗等令人兴奋的小玩意儿,他们失业了，或伴侣双方都从事全职工作,D,sociology
44,"裘德洛 （Chodorow,1978）认为性别社会化是通过以下途径实现的：",男孩和女孩都很依恋母亲，但后来男孩脱离了母亲,女孩依恋母亲，但后来脱离了母亲,男孩依恋父亲，女孩依恋母亲,男孩和女孩都很依恋父亲，但后来女孩脱离了父亲,A,sociology
88,新的社会运动的兴起表明了这一点：,人们根据务实的问题和关切投票,消费者身份比阶级身份更重要,个人、文化和环境问题与经济利益一样能够调动政治意识,以上所有选项,D,sociology
100,酷儿理论认为：,异性恋是正常的、最理想的生活方式,我们使用的性别分类和论述是基于真实的内在生理差异,与反常的女性特质相比，反常的男性特质对性别秩序的威胁更大,所有的性别特征都是多元的、碎片式的且经常被重构,D,sociology
129,"贝尔 (Bell,1973) 提出的“后工业社会”包括：",工会在解决劳资纠纷方面的权力越来越大,重新关注工业生产和制造业,向以知识和信息为基础的服务经济转变,以上所有选项,C,sociology
159,皮尔彻（Pilcher，1999）认为肥皂剧是一种 “女性化的媒体类型”，因为：,肥皂剧中的大部分角色都是女性,它们代表了女性既被驯服又独立的形象,它们疏远女性，并吸引男性观众,女性电视制作人最有可能从事这一领域的工作,B,sociology
177,在十七、十八世纪的伦敦，由同性恋者组成的反主流亚文化被称为：,政客,莫莉,玩偶,罗莉,B,sociology
200,多姆霍夫（Domhoff）认为以下哪项不是美国的决策过程？,意识形态过程,剥削过程,政策制定过程,候选人遴选过程,B,sociology
18,产生抗体的细胞是如何受到刺激的？,与病毒短肽相互作用,与 T 辅助细胞相互作用。,与浆细胞相互作用,与病毒感染细胞相互作用,B,virology
76,脊髓灰质炎病毒最容易通过下列哪个途经增加毒力？,仅限少数位置的 RNA 基因组突变,与其他肠道病毒重组,改变其蛋白质外壳,多处核苷酸缺失和替换,A,virology
107,"开展了一项用于评估种族与终末期肾病之间关系的研究。病理学家独立研究了 1,000 例患者的肾活检样本。第一组病理学家知道活检样本所属患者的种族，第二组病理学家则对患者种族保持盲态。第一组报告黑人患者患有“高血压肾病”的频率远高于第二组。本研究最有可能存在以下哪种类型的偏倚？",混杂因素,无应答偏倚,回忆偏倚,转诊偏倚,A,virology
33,根据印度教神话，我们现在处于哪个时代？,铁器时代,大时代,黄金时代,萨提亚时代,A,world_religions
56,哪位古鲁因拒绝皈依伊斯兰教而殉难？,古鲁·拉姆·达斯,古鲁·特格·巴哈杜尔,古鲁·戈宾德·辛格,古鲁·哈尔·拉伊,B,world_religions
63,下列哪一项并非描述 Ka'ba（天房克尔白）？,摩西曾到过那里。,这是一个圣地。,它是亚伯拉罕建造的。,它是一座方形建筑。,A,world_religions
79,印度的哪位神或女神是辩才的化身，象征语言的力量，是吠陀经之母？,毗湿奴,犍尼萨 (Ganesha),萨罗斯瓦蒂 (Sarasvati),因陀罗,C,world_religions
126,根据 Sumerian King List（苏美尔王表），王权从何而来？,通过加入神秘教派得来,通过军事胜利获得,祖先的直系血亲,自天而降,D,world_religions
155,matsuri 一词是什么意思？,护身符,冥想,仪式,盛大的节日,D,world_religions
